INSERT INTO `department` (`id`, `name`)
VALUES
    (1, 'Departamento de Português'),
    (2, 'Departamento de Matemática'),
    (3, 'Departamento de História'),
    (4, 'Departamento de Geografia'),
    (5, 'Departamento de Química'),
    (6, 'Departamento de Física');



INSERT INTO `professor` (`id`, `name`, `cpf`, `department_id`)
VALUES
    (01, 'Professor de Português 01', '111.111.111-01', 1),
    (02, 'Professor de Português 02', '111.111.111-02', 1),
    (03, 'Professor de Português 03', '111.111.111-03', 1),
    (04, 'Professor de Português 04', '111.111.111-04', 1),
    (05, 'Professor de Português 05', '111.111.111-05', 1),

    (06, 'Professor de Matemática 01', '222.222.222-01', 2),
    (07, 'Professor de Matemática 02', '222.222.222-02', 2),
    (08, 'Professor de Matemática 03', '222.222.222-03', 2),
    (09, 'Professor de Matemática 04', '222.222.222-04', 2),
    (10, 'Professor de Matemática 05', '222.222.222-05', 2),

    (11, 'Professor de História 01', '333.333.333-01', 3),
    (12, 'Professor de História 02', '333.333.333-02', 3),
    (13, 'Professor de História 03', '333.333.333-03', 3),
    (14, 'Professor de História 04', '333.333.333-04', 3),
    (15, 'Professor de História 05', '333.333.333-05', 3),

    (16, 'Professor de Geografia 01', '444.444.444-01', 4),
    (17, 'Professor de Geografia 02', '444.444.444-02', 4),
    (18, 'Professor de Geografia 03', '444.444.444-03', 4),
    (19, 'Professor de Geografia 04', '444.444.444-04', 4),
    (20, 'Professor de Geografia 05', '444.444.444-05', 4),

    (21, 'Professor de Química 01', '555.555.555-01', 5),
    (22, 'Professor de Química 02', '555.555.555-02', 5),
    (23, 'Professor de Química 03', '555.555.555-03', 5),
    (24, 'Professor de Química 04', '555.555.555-04', 5),
    (25, 'Professor de Química 05', '555.555.555-05', 5),

    (26, 'Professor de Física 01', '666.666.666-01', 6),
    (27, 'Professor de Física 02', '666.666.666-02', 6),
    (28, 'Professor de Física 03', '666.666.666-03', 6),
    (29, 'Professor de Física 04', '666.666.666-04', 6),
    (30, 'Professor de Física 05', '666.666.666-05', 6);



INSERT INTO `course` (`id`, `name`)
VALUES
    (01, 'Português 1'),
    (02, 'Português 2'),
    (03, 'Português 3'),

    (04, 'Matemática 1'),
    (05, 'Matemática 2'),
    (06, 'Matemática 3'),

    (07, 'História 1'),
    (08, 'História 2'),
    (09, 'História 3'),

    (10, 'Geografia 1'),
    (11, 'Geografia 2'),
    (12, 'Geografia 3'),

    (13, 'Química 1'),
    (14, 'Química 2'),
    (15, 'Química 3'),

    (16, 'Física 1'),
    (17, 'Física 2'),
    (18, 'Física 3');



INSERT INTO `allocation` (`id`, `day`, `start`, `end`, `professor_id`, `course_id`)
VALUES
    (001,    'MONDAY', '13:00:00', '15:00:00', 01, 01),
    (002, 'WEDNESDAY', '15:00:00', '17:00:00', 01, 01),
    (003,   'TUESDAY', '08:00:00', '10:00:00', 01, 02),
    (004,  'THURSDAY', '10:00:00', '12:00:00', 01, 02),
    (005, 'WEDNESDAY', '17:30:00', '19:30:00', 01, 03),
    (006,    'FRIDAY', '19:30:00', '21:30:00', 01, 03),

    (007,    'MONDAY', '13:00:00', '15:00:00', 02, 01),
    (008, 'WEDNESDAY', '15:00:00', '17:00:00', 02, 01),
    (009,   'TUESDAY', '08:00:00', '10:00:00', 02, 02),
    (010,  'THURSDAY', '10:00:00', '12:00:00', 02, 02),
    (011, 'WEDNESDAY', '17:30:00', '19:30:00', 02, 03),
    (012,    'FRIDAY', '19:30:00', '21:30:00', 02, 03),

    (013,    'MONDAY', '13:00:00', '15:00:00', 03, 01),
    (014, 'WEDNESDAY', '15:00:00', '17:00:00', 03, 01),
    (015,   'TUESDAY', '08:00:00', '10:00:00', 03, 02),
    (016,  'THURSDAY', '10:00:00', '12:00:00', 03, 02),
    (017, 'WEDNESDAY', '17:30:00', '19:30:00', 03, 03),
    (018,    'FRIDAY', '19:30:00', '21:30:00', 03, 03),

    (019,    'MONDAY', '13:00:00', '15:00:00', 04, 01),
    (020, 'WEDNESDAY', '15:00:00', '17:00:00', 04, 01),
    (021,   'TUESDAY', '08:00:00', '10:00:00', 04, 02),
    (022,  'THURSDAY', '10:00:00', '12:00:00', 04, 02),
    (023, 'WEDNESDAY', '17:30:00', '19:30:00', 04, 03),
    (024,    'FRIDAY', '19:30:00', '21:30:00', 04, 03),

    (025,    'MONDAY', '13:00:00', '15:00:00', 05, 01),
    (026, 'WEDNESDAY', '15:00:00', '17:00:00', 05, 01),
    (027,   'TUESDAY', '08:00:00', '10:00:00', 05, 02),
    (028,  'THURSDAY', '10:00:00', '12:00:00', 05, 02),
    (029, 'WEDNESDAY', '17:30:00', '19:30:00', 05, 03),
    (030,    'FRIDAY', '19:30:00', '21:30:00', 05, 03),

    (031,    'MONDAY', '13:00:00', '15:00:00', 06, 04),
    (032, 'WEDNESDAY', '15:00:00', '17:00:00', 06, 04),
    (033,   'TUESDAY', '08:00:00', '10:00:00', 06, 05),
    (034,  'THURSDAY', '10:00:00', '12:00:00', 06, 05),
    (035, 'WEDNESDAY', '17:30:00', '19:30:00', 06, 06),
    (036,    'FRIDAY', '19:30:00', '21:30:00', 06, 06),

    (037,    'MONDAY', '13:00:00', '15:00:00', 07, 04),
    (038, 'WEDNESDAY', '15:00:00', '17:00:00', 07, 04),
    (039,   'TUESDAY', '08:00:00', '10:00:00', 07, 05),
    (040,  'THURSDAY', '10:00:00', '12:00:00', 07, 05),
    (041, 'WEDNESDAY', '17:30:00', '19:30:00', 07, 06),
    (042,    'FRIDAY', '19:30:00', '21:30:00', 07, 06),

    (043,    'MONDAY', '13:00:00', '15:00:00', 08, 04),
    (044, 'WEDNESDAY', '15:00:00', '17:00:00', 08, 04),
    (045,   'TUESDAY', '08:00:00', '10:00:00', 08, 05),
    (046,  'THURSDAY', '10:00:00', '12:00:00', 08, 05),
    (047, 'WEDNESDAY', '17:30:00', '19:30:00', 08, 06),
    (048,    'FRIDAY', '19:30:00', '21:30:00', 08, 06),

    (049,    'MONDAY', '13:00:00', '15:00:00', 09, 04),
    (050, 'WEDNESDAY', '15:00:00', '17:00:00', 09, 04),
    (051,   'TUESDAY', '08:00:00', '10:00:00', 09, 05),
    (052,  'THURSDAY', '10:00:00', '12:00:00', 09, 05),
    (053, 'WEDNESDAY', '17:30:00', '19:30:00', 09, 06),
    (054,    'FRIDAY', '19:30:00', '21:30:00', 09, 06),

    (055,    'MONDAY', '13:00:00', '15:00:00', 10, 04),
    (056, 'WEDNESDAY', '15:00:00', '17:00:00', 10, 04),
    (057,   'TUESDAY', '08:00:00', '10:00:00', 10, 05),
    (058,  'THURSDAY', '10:00:00', '12:00:00', 10, 05),
    (059, 'WEDNESDAY', '17:30:00', '19:30:00', 10, 06),
    (060,    'FRIDAY', '19:30:00', '21:30:00', 10, 06),

    (061,    'MONDAY', '13:00:00', '15:00:00', 11, 07),
    (062, 'WEDNESDAY', '15:00:00', '17:00:00', 11, 07),
    (063,   'TUESDAY', '08:00:00', '10:00:00', 11, 08),
    (064,  'THURSDAY', '10:00:00', '12:00:00', 11, 08),
    (065, 'WEDNESDAY', '17:30:00', '19:30:00', 11, 09),
    (066,    'FRIDAY', '19:30:00', '21:30:00', 11, 09),

    (067,    'MONDAY', '13:00:00', '15:00:00', 12, 07),
    (068, 'WEDNESDAY', '15:00:00', '17:00:00', 12, 07),
    (069,   'TUESDAY', '08:00:00', '10:00:00', 12, 08),
    (070,  'THURSDAY', '10:00:00', '12:00:00', 12, 08),
    (071, 'WEDNESDAY', '17:30:00', '19:30:00', 12, 09),
    (072,    'FRIDAY', '19:30:00', '21:30:00', 12, 09),

    (073,    'MONDAY', '13:00:00', '15:00:00', 13, 07),
    (074, 'WEDNESDAY', '15:00:00', '17:00:00', 13, 07),
    (075,   'TUESDAY', '08:00:00', '10:00:00', 13, 08),
    (076,  'THURSDAY', '10:00:00', '12:00:00', 13, 08),
    (077, 'WEDNESDAY', '17:30:00', '19:30:00', 13, 09),
    (078,    'FRIDAY', '19:30:00', '21:30:00', 13, 09),

    (079,    'MONDAY', '13:00:00', '15:00:00', 14, 07),
    (080, 'WEDNESDAY', '15:00:00', '17:00:00', 14, 07),
    (081,   'TUESDAY', '08:00:00', '10:00:00', 14, 08),
    (082,  'THURSDAY', '10:00:00', '12:00:00', 14, 08),
    (083, 'WEDNESDAY', '17:30:00', '19:30:00', 14, 09),
    (084,    'FRIDAY', '19:30:00', '21:30:00', 14, 09),

    (085,    'MONDAY', '13:00:00', '15:00:00', 15, 07),
    (086, 'WEDNESDAY', '15:00:00', '17:00:00', 15, 07),
    (087,   'TUESDAY', '08:00:00', '10:00:00', 15, 08),
    (088,  'THURSDAY', '10:00:00', '12:00:00', 15, 08),
    (089, 'WEDNESDAY', '17:30:00', '19:30:00', 15, 09),
    (090,    'FRIDAY', '19:30:00', '21:30:00', 15, 09),

    (091,    'MONDAY', '13:00:00', '15:00:00', 16, 10),
    (092, 'WEDNESDAY', '15:00:00', '17:00:00', 16, 10),
    (093,   'TUESDAY', '08:00:00', '10:00:00', 16, 11),
    (094,  'THURSDAY', '10:00:00', '12:00:00', 16, 11),
    (095, 'WEDNESDAY', '17:30:00', '19:30:00', 16, 12),
    (096,    'FRIDAY', '19:30:00', '21:30:00', 16, 12),

    (097,    'MONDAY', '13:00:00', '15:00:00', 17, 10),
    (098, 'WEDNESDAY', '15:00:00', '17:00:00', 17, 10),
    (099,   'TUESDAY', '08:00:00', '10:00:00', 17, 11),
    (100,  'THURSDAY', '10:00:00', '12:00:00', 17, 11),
    (101, 'WEDNESDAY', '17:30:00', '19:30:00', 17, 12),
    (102,    'FRIDAY', '19:30:00', '21:30:00', 17, 12),

    (103,    'MONDAY', '13:00:00', '15:00:00', 18, 10),
    (104, 'WEDNESDAY', '15:00:00', '17:00:00', 18, 10),
    (105,   'TUESDAY', '08:00:00', '10:00:00', 18, 11),
    (106,  'THURSDAY', '10:00:00', '12:00:00', 18, 11),
    (107, 'WEDNESDAY', '17:30:00', '19:30:00', 18, 12),
    (108,    'FRIDAY', '19:30:00', '21:30:00', 18, 12),

    (109,    'MONDAY', '13:00:00', '15:00:00', 19, 10),
    (110, 'WEDNESDAY', '15:00:00', '17:00:00', 19, 10),
    (111,   'TUESDAY', '08:00:00', '10:00:00', 19, 11),
    (112,  'THURSDAY', '10:00:00', '12:00:00', 19, 11),
    (113, 'WEDNESDAY', '17:30:00', '19:30:00', 19, 12),
    (114,    'FRIDAY', '19:30:00', '21:30:00', 19, 12),

    (115,    'MONDAY', '13:00:00', '15:00:00', 20, 10),
    (116, 'WEDNESDAY', '15:00:00', '17:00:00', 20, 10),
    (117,   'TUESDAY', '08:00:00', '10:00:00', 20, 11),
    (118,  'THURSDAY', '10:00:00', '12:00:00', 20, 11),
    (119, 'WEDNESDAY', '17:30:00', '19:30:00', 20, 12),
    (120,    'FRIDAY', '19:30:00', '21:30:00', 20, 12),

    (121,    'MONDAY', '13:00:00', '15:00:00', 21, 13),
    (122, 'WEDNESDAY', '15:00:00', '17:00:00', 21, 13),
    (123,   'TUESDAY', '08:00:00', '10:00:00', 21, 14),
    (124,  'THURSDAY', '10:00:00', '12:00:00', 21, 14),
    (125, 'WEDNESDAY', '17:30:00', '19:30:00', 21, 15),
    (126,    'FRIDAY', '19:30:00', '21:30:00', 21, 15),

    (127,    'MONDAY', '13:00:00', '15:00:00', 22, 13),
    (128, 'WEDNESDAY', '15:00:00', '17:00:00', 22, 13),
    (129,   'TUESDAY', '08:00:00', '10:00:00', 22, 14),
    (130,  'THURSDAY', '10:00:00', '12:00:00', 22, 14),
    (131, 'WEDNESDAY', '17:30:00', '19:30:00', 22, 15),
    (132,    'FRIDAY', '19:30:00', '21:30:00', 22, 15),

    (133,    'MONDAY', '13:00:00', '15:00:00', 23, 13),
    (134, 'WEDNESDAY', '15:00:00', '17:00:00', 23, 13),
    (135,   'TUESDAY', '08:00:00', '10:00:00', 23, 14),
    (136,  'THURSDAY', '10:00:00', '12:00:00', 23, 14),
    (137, 'WEDNESDAY', '17:30:00', '19:30:00', 23, 15),
    (138,    'FRIDAY', '19:30:00', '21:30:00', 23, 15),

    (139,    'MONDAY', '13:00:00', '15:00:00', 24, 13),
    (140, 'WEDNESDAY', '15:00:00', '17:00:00', 24, 13),
    (141,   'TUESDAY', '08:00:00', '10:00:00', 24, 14),
    (142,  'THURSDAY', '10:00:00', '12:00:00', 24, 14),
    (143, 'WEDNESDAY', '17:30:00', '19:30:00', 24, 15),
    (144,    'FRIDAY', '19:30:00', '21:30:00', 24, 15),

    (145,    'MONDAY', '13:00:00', '15:00:00', 25, 13),
    (146, 'WEDNESDAY', '15:00:00', '17:00:00', 25, 13),
    (147,   'TUESDAY', '08:00:00', '10:00:00', 25, 14),
    (148,  'THURSDAY', '10:00:00', '12:00:00', 25, 14),
    (149, 'WEDNESDAY', '17:30:00', '19:30:00', 25, 15),
    (150,    'FRIDAY', '19:30:00', '21:30:00', 25, 15),

    (151,    'MONDAY', '13:00:00', '15:00:00', 26, 16),
    (152, 'WEDNESDAY', '15:00:00', '17:00:00', 26, 16),
    (153,   'TUESDAY', '08:00:00', '10:00:00', 26, 17),
    (154,  'THURSDAY', '10:00:00', '12:00:00', 26, 17),
    (155, 'WEDNESDAY', '17:30:00', '19:30:00', 26, 18),
    (156,    'FRIDAY', '19:30:00', '21:30:00', 26, 18),

    (157,    'MONDAY', '13:00:00', '15:00:00', 27, 16),
    (158, 'WEDNESDAY', '15:00:00', '17:00:00', 27, 16),
    (159,   'TUESDAY', '08:00:00', '10:00:00', 27, 17),
    (160,  'THURSDAY', '10:00:00', '12:00:00', 27, 17),
    (161, 'WEDNESDAY', '17:30:00', '19:30:00', 27, 18),
    (162,    'FRIDAY', '19:30:00', '21:30:00', 27, 18),

    (163,    'MONDAY', '13:00:00', '15:00:00', 28, 16),
    (164, 'WEDNESDAY', '15:00:00', '17:00:00', 28, 16),
    (165,   'TUESDAY', '08:00:00', '10:00:00', 28, 17),
    (166,  'THURSDAY', '10:00:00', '12:00:00', 28, 17),
    (167, 'WEDNESDAY', '17:30:00', '19:30:00', 28, 18),
    (168,    'FRIDAY', '19:30:00', '21:30:00', 28, 18),

    (169,    'MONDAY', '13:00:00', '15:00:00', 29, 16),
    (170, 'WEDNESDAY', '15:00:00', '17:00:00', 29, 16),
    (171,   'TUESDAY', '08:00:00', '10:00:00', 29, 17),
    (172,  'THURSDAY', '10:00:00', '12:00:00', 29, 17),
    (173, 'WEDNESDAY', '17:30:00', '19:30:00', 29, 18),
    (174,    'FRIDAY', '19:30:00', '21:30:00', 29, 18),

    (175,    'MONDAY', '13:00:00', '15:00:00', 30, 16),
    (176, 'WEDNESDAY', '15:00:00', '17:00:00', 30, 16),
    (177,   'TUESDAY', '08:00:00', '10:00:00', 30, 17),
    (178,  'THURSDAY', '10:00:00', '12:00:00', 30, 17),
    (179, 'WEDNESDAY', '17:30:00', '19:30:00', 30, 18),
    (180,    'FRIDAY', '19:30:00', '21:30:00', 30, 18);
